knesset_member_id	full_name_he	party_name_he
30917	מוחמד אבו אל היג'א	יש עתיד
30749	משה אבוטבול	התאחדות הספרדים שומרי תורה תנועתו של מרן הרב עובדיה יוסף זצ"ל
532	יולי יואל אדלשטיין	הליכוד
30300	אמיר אוחנה	הליכוד
30601	ינון אזולאי	התאחדות הספרדים שומרי תורה תנועתו של מרן הרב עובדיה יוסף זצ"ל
30839	דן אילוז	הליכוד
30840	ואליד אלהואשלה	רע"ם
23631	קארין אלהרר	יש עתיד
30857	עמיחי אליהו	עוצמה יהודית בראשות איתמר בן גביר
4397	זאב אלקין	הימין הממלכתי
23641	יעקב אשר	יהדות התורה
30880	אביחי אברהם בוארון	הליכוד
30765	אוריאל בוסו	התאחדות הספרדים שומרי תורה תנועתו של מרן הרב עובדיה יוסף זצ"ל
30799	מישל בוסקילה	הימין הממלכתי
30837	דבי ביטון	יש עתיד
30804	חיים ביטון	התאחדות הספרדים שומרי תורה תנועתו של מרן הרב עובדיה יוסף זצ"ל
30682	מיכאל מרדכי ביטון	כחול לבן - המחנה הממלכתי
23558	דוד ביטן	הליכוד
30835	בועז ביסמוט	הליכוד
30776	ולדימיר בליאק	יש עתיד
30102	מירב בן ארי	יש עתיד
30691	רם בן ברק	יש עתיד
30811	איתמר בן גביר	עוצמה יהודית בראשות איתמר בן גביר
30894	סמיר בן סעיד	חד"ש-תע"ל
28513	יואב בן צור	התאחדות הספרדים שומרי תורה תנועתו של מרן הרב עובדיה יוסף זצ"ל
30700	ניר ברקת	הליכוד
30879	ששון ששי גואטה	הליכוד
30860	טלי גוטליב	הליכוד
30846	יצחק גולדקנופ	יהדות התורה
30708	מאי גולן	הליכוד
30693	איתן גינזבורג	כחול לבן - המחנה הממלכתי
1025	גילה גמליאל	הליכוד
30657	בנימין גנץ	כחול לבן - המחנה הממלכתי
526	משה גפני	יהדות התורה
30820	סימון דוידסון	יש עתיד
4395	אבי דיכטר	הליכוד
30809	גלית דיסטל אטבריאן	הליכוד
30831	אלי דלל	הליכוד
30861	שלום דנינו	הליכוד
2291	אריה מכלוף דרעי	התאחדות הספרדים שומרי תורה תנועתו של מרן הרב עובדיה יוסף זצ"ל
30711	עמית הלוי	הליכוד
30118	שרן מרים השכל	הימין הממלכתי
30772	ניסים ואטורי	הליכוד
30810	מיכל מרים וולדיגר	הציונות הדתית בראשות בצלאל סמוטריץ'
30847	יצחק שמעון וסרלאוף	עוצמה יהודית בראשות איתמר בן גביר
30758	אימאן ח'טיב יאסין	רע"ם
30843	יאסר חוג'יראת	רע"ם
30916	עוז חיים	יש עתיד
22151	אכרם חסון	הימין הממלכתי
30752	ווליד טאהא	רע"ם
30777	משה טור פז	יש עתיד
560	אחמד טיבי	חד"ש-תע"ל
30770	יוסף טייב	התאחדות הספרדים שומרי תורה תנועתו של מרן הרב עובדיה יוסף זצ"ל
30830	אוהד טל	הציונות הדתית בראשות בצלאל סמוטריץ'
30671	יעקב טסלר	יהדות התורה
30683	חילי טרופר	כחול לבן - המחנה הממלכתי
23597	מאיר כהן	יש עתיד
30686	מירב כהן	יש עתיד
30719	עופר כסיף	חד"ש-תע"ל
30701	אופיר כץ	הליכוד
468	ישראל כץ	הליכוד
30720	יוראי להב הרצנו	יש עתיד
30881	ירון לוי	יש עתיד
23632	מיקי לוי	יש עתיד
12951	יריב לוין	הליכוד
30106	נעמה לזימי	העבודה
427	אביגדור ליברמן	ישראל ביתנו
23594	יאיר לפיד	יש עתיד
30782	טטיאנה מזרסקי	יש עתיד
23565	מרב מיכאלי	העבודה
30871	שלי טל מירון	יש עתיד
30868	יונתן מישרקי	התאחדות הספרדים שומרי תורה תנועתו של מרן הרב עובדיה יוסף זצ"ל
30842	חנוך דב מלביצקי	הליכוד
30873	ארז מלול	התאחדות הספרדים שומרי תורה תנועתו של מרן הרב עובדיה יוסף זצ"ל
23560	יוליה מלינובסקי	ישראל ביתנו
30470	מיכאל מלכיאלי	התאחדות הספרדים שומרי תורה תנועתו של מרן הרב עובדיה יוסף זצ"ל
30875	צגה מלקו	הליכוד
30814	אבי מעוז	נעם - בראשות אבי מעוז
11835	אורי מקלב	יהדות התורה
1056	יעקב מרגי	התאחדות הספרדים שומרי תורה תנועתו של מרן הרב עובדיה יוסף זצ"ל
30863	שרון ניר	ישראל ביתנו
965	בנימין נתניהו	הליכוד
30695	יואב סגלוביץ'	יש עתיד
30722	יבגני סובה	ישראל ביתנו
30874	צבי ידידיה סוכות	הציונות הדתית בראשות בצלאל סמוטריץ'
30852	משה סולומון	הציונות הדתית בראשות בצלאל סמוטריץ'
30849	לימור סון הר מלך	עוצמה יהודית בראשות איתמר בן גביר
30717	אופיר סופר	הציונות הדתית בראשות בצלאל סמוטריץ'
23551	אורית מלכה סטרוק	הציונות הדתית בראשות בצלאל סמוטריץ'
30853	משה סעדה	הליכוד
30713	מנסור עבאס	רע"ם
30893	עפיף עבד	הליכוד
30066	איימן עודה	חד"ש-תע"ל
30895	עדי עזוז	יש עתיד
30702	חוה אתי עטייה	הליכוד
12938	חמד עמאר	ישראל ביתנו
30859	צביקה פוגל	עוצמה יהודית בראשות איתמר בן גביר
30121	עודד פורר	ישראל ביתנו
30672	יצחק פינדרוס	יהדות התורה
30877	משה פסל	הליכוד
563	מאיר פרוש	יהדות התורה
30783	יסמין פרידמן	יש עתיד
30685	אורית פרקש הכהן	כחול לבן - המחנה הממלכתי
30851	מטי צרפתי הרכבי	יש עתיד
30710	אריאל קלנר	הליכוד
30867	יצחק קרויזר	עוצמה יהודית בראשות איתמר בן גביר
30807	גלעד קריב	העבודה
30704	שלמה קרעי	הליכוד
30832	אליהו רביבו	הליכוד
30812	שמחה רוטמן	הציונות הדתית בראשות בצלאל סמוטריץ'
30775	יעל רון בן משה	כחול לבן - המחנה הממלכתי
30808	אפרת רייטן מרום	העבודה
30694	אלון שוסטר	כחול לבן - המחנה הממלכתי
30706	קטי קטרין שטרית	הליכוד
23591	אלעזר שטרן	יש עתיד
30705	מיכל שיר סגמן	יש עתיד
30854	נאור שירי	יש עתיד
30876	אושר שקלים	הליכוד
30067	עאידה תומא סלימאן	חד"ש-תע"ל
23635	פנינה תמנו	כחול לבן - המחנה הממלכתי
