slug	sort_order	name	description	prompt_for_social_post_similarity	prompt_for_bill_similarity	rating_scale
war-peace	10	מלחמה ושלום	War, Peace & Regional Security\nThe diplomacy-versus-force axis: the Gaza war and its aftermath, hostage deals, Iran, Hezbollah and Hamas, foreign policy and regional alignments.	האם הפוסט מציג עמדה מהותית על ניהול המלחמה, עסקת חטופים, הסדרה מדינית מול הכרעה צבאית, איראן, חיזבאללה, חמאס, או מדיניות חוץ וביטחון אזורית?	האם הצעת החוק או ההצבעה עוסקת מהותית בניהול מלחמה, בהסדרים מדיניים או ביטחוניים, בסמכויות ביטחון לאומי, או ביחסי חוץ?	{"1": "תמיכה מובהקת בהסדרה מדינית, בהרגעה ובעסקאות במשא ומתן", "2": "נטייה לדיפלומטיה, עם כוח כמוצא אחרון", "3": "איזון בין הסדרים מדיניים ללחץ צבאי", "4": "נטייה להכרעה צבאית על פני משא ומתן", "5": "תמיכה מובהקת בהכרעה צבאית ובהפעלת כוח על פני הסדרה"}
oct7-accountability	20	מחדל 7 באוקטובר	October 7 Accountability & the State Inquiry\nResponsibility for the October 7 failure and the establishment, mandate, or blocking of a state commission of inquiry.	האם הפוסט עוסק באחריות למחדל 7 באוקטובר, בוועדת חקירה ממלכתית — בדרישה להקמתה, בהרכבה, בסמכויותיה או בהתנגדות לה?	האם הצעת החוק או ההצבעה עוסקת בהקמה, בהסדרה או בחסימה של ועדת חקירה או מנגנוני אחריות למחדלי 7 באוקטובר?	{"1": "דרישה לוועדת חקירה ממלכתית מיידית ולאחריות ממשלתית מלאה", "2": "תמיכה בחקירה, גמישות במתכונת ובעיתוי", "3": "תמיכה בבדיקה תוך דחייתה לסוף המלחמה או מתכונת פשרה", "4": "ספקנות כלפי ועדה ממלכתית; העדפת בדיקה חלופית או דחויה", "5": "התנגדות לוועדת חקירה ממלכתית ודחיית האחריות הממשלתית"}
settlements	30	התנחלויות	Settlements & the Palestinian Territories\nSettlement funding and expansion, settler violence and enforcement toward Palestinians, territories policy and annexation.	האם הפוסט עוסק בהתנחלויות ובתקצובן, באלימות מתנחלים, באכיפה כלפי פלסטינים, בסיפוח או במדיניות ביהודה ושומרון?	האם הצעת החוק או ההעברה התקציבית עוסקת בהתנחלויות, בתקצובן, באכיפה בשטחים, בסיפוח או בזכויות ובמעמד ביהודה ושומרון?	{"1": "התנגדות להרחבת התנחלויות ולתקצובן; דרישה לאכיפה שוויונית ולטיפול באלימות מתנחלים", "2": "ביקורת על הרחבת ההתנחלויות ועל אכיפה בלתי שוויונית", "3": "עמדת סטטוס-קוו בנושא ההתנחלויות והאכיפה", "4": "תמיכה בפיתוח ההתנחלויות; המעטה בחומרת אלימות מתנחלים", "5": "דגילה בהרחבת התנחלויות, בתקצובן ובגיבוי המתנחלים; תמיכה בסיפוח"}
policing-crime	40	פשיעה ושיטור	Policing, Crime & Arab Society\nPolice powers and conduct, organized crime and illegal weapons (notably in Arab communities), personal security, and Jewish-Arab civic equality: budgets, representation, integration.	האם הפוסט עוסק במשטרה וסמכויותיה, בפשיעה ובנשק בלתי חוקי, בביטחון אישי, בפשיעה בחברה הערבית, או בשוויון אזרחי ויחסי יהודים-ערבים?	האם הצעת החוק עוסקת בסמכויות משטרה ואכיפה, בטיפול בפשיעה ובנשק בלתי חוקי, בביטחון אישי, או בתקצוב ושוויון אזרחי לחברה הערבית?	{"1": "עדיפות לפיקוח אזרחי על המשטרה, לאכיפה שוויונית ולהשקעה בחברה הערבית", "2": "נטייה לזכויות, לשוויון ולמענים קהילתיים לפשיעה", "3": "איזון בין סמכויות אכיפה לבין פיקוח ושוויון אזרחי", "4": "נטייה להרחבת סמכויות המשטרה ולאכיפה נוקשה", "5": "עדיפות לסמכויות אכיפה מרביות ולמענה כוחני לפשיעה"}
haredi-conscription	50	גיוס חרדים	Haredi Conscription & Equality of Service\nDraft exemptions for yeshiva students, equality of the service burden, sanctions, incentives, and benefits conditioned on service.	האם הפוסט עוסק בגיוס חרדים, בפטור משירות, בשוויון בנטל, בסנקציות או בהטבות המותנות בשירות?	האם הצעת החוק משנה חובות גיוס, פטורים משירות, שירות אזרחי, סנקציות או הטבות המותנות בשירות?	{"1": "תמיכה מובהקת בחובת שירות צבאי או אזרחי שוויונית לחרדים", "2": "נטייה לשירות רחב לחרדים, עם התאמות או חריגים מוגבלים", "3": "פשרה בין הרחבת השירות לבין המשך פטורים לחלק מבני הישיבות", "4": "נטייה לשימור פטור או דחייה רחבים, לצד יעדי גיוס מוגבלים", "5": "תמיכה מובהקת בהמשך הפטור או דחיית השירות לבני ישיבות"}
judiciary	60	מערכת המשפט	The Judiciary & the Rule of Law\nJudicial reform, the attorney general, judge selection, compliance with court rulings, and the balance between government and courts.	האם הפוסט עוסק במערכת המשפט, בבג"ץ, ברפורמה המשפטית, בבחירת שופטים, ביועמ"שית, בציות לפסיקות או באיזונים בין הרשויות?	האם הצעת החוק משנה את סמכויות בתי המשפט, את הליך בחירת השופטים, את מעמד הייעוץ המשפטי, או את האיזונים בין רשויות השלטון?	{"1": "הגנה מובהקת על עצמאות שיפוטית ועל האיזונים והבלמים הקיימים", "2": "תמיכה בבתי המשפט, פתיחות לתיקונים מוסכמים ומוגבלים", "3": "חתירה לפשרה רחבה ומוסכמת בהסדרי מערכת המשפט", "4": "תמיכה ברפורמה משמעותית המרחיבה את כוח הנבחרים על חשבון בתי המשפט", "5": "תמיכה מובהקת בשליטה פוליטית בבחירת שופטים ובריסון בתי המשפט"}
discourse-quality	70	איכות השיח	Quality of Public Discourse\nThe conduct of political speech: respectful and substantive versus derisive, inflammatory, or ad hominem. Primarily a posts-side measure.	האם הפוסט עצמו מדגים או עוסק באיכות השיח הציבורי — שיח מכבד וענייני לעומת שיח מזלזל, מסית או פוגעני?	האם הצעת החוק או ההליך עוסק ישירות בסטנדרטים של שיח ציבורי, בהסתה, בהשפלה או בהתקפות אישיות בזירה הציבורית?	{"1": "שיח מכבד, ענייני ומבוסס עובדות באופן עקבי", "2": "שיח מכבד ברובו, לעיתים חריף", "3": "שיח מעורב: ענייני לצד עקיצות אישיות", "4": "שיח מזלזל, לגלגני או אישי לעיתים קרובות", "5": "שיח מסית, משפיל או פוגעני באופן עקבי"}
economy-cost-of-living	80	כלכלה ויוקר המחיה	Economy, Cost of Living & the Welfare State\nPrices, taxation, the state budget, subsidies, the welfare-state-versus-free-market axis, and structural market reforms.	האם הפוסט מציג עמדה מהותית על יוקר המחיה, מחירים, מיסוי, תקציב המדינה, סובסידיות, מדינת רווחה מול שוק חופשי, או רפורמות כלכליות מבניות?	האם הצעת החוק משפיעה מהותית על מחירים, מיסוי, תקציב המדינה, סובסידיות, קצבאות, תחרות או רגולציה כלכלית?	{"1": "תמיכה מובהקת בהתערבות המדינה: פיקוח מחירים, סובסידיות והרחבת ההוצאה הציבורית והרווחה", "2": "נטייה להתערבות במחירים וברווחה", "3": "שילוב התערבות ממוקדת עם מנגנוני שוק", "4": "נטייה לכיוון השוק: תחרות והקלות מס על פני התערבות", "5": "תמיכה מובהקת בשוק חופשי: הפרטה, הסרת רגולציה ומינימום התערבות"}
infrastructure-services	90	תשתיות ושירותים	Infrastructure, Housing & Public Services\nHousing, transport and roads, national AI and data projects, and public services: health, education and social welfare services.	האם הפוסט מציג עמדה על דיור, תחבורה, כבישים ותשתיות, פרויקטי AI ומידע לאומיים, או שירותי בריאות, חינוך ורווחה?	האם הצעת החוק עוסקת בדיור ותכנון, בתחבורה ותשתיות, בפרויקטים דיגיטליים לאומיים, או בשירותי בריאות, חינוך ורווחה?	{"1": "תמיכה מובהקת בהשקעה ציבורית נרחבת בתשתיות, בדיור ובשירותים", "2": "נטייה להגדלת ההשקעה והאספקה הציבורית", "3": "איזון בין השקעה ציבורית לאספקה פרטית", "4": "נטייה לריסון, להפרטה או לאספקת שירותים בידי השוק", "5": "תמיכה מובהקת בצמצום ההוצאה הציבורית והעדפת אספקה פרטית"}
