full_name_he	party_name_he
מוחמד אבו אל היג'א	יש עתיד
משה אבוטבול	התאחדות הספרדים שומרי תורה תנועתו של מרן הרב עובדיה יוסף זצ"ל
יולי יואל אדלשטיין	הליכוד
אמיר אוחנה	הליכוד
ינון אזולאי	התאחדות הספרדים שומרי תורה תנועתו של מרן הרב עובדיה יוסף זצ"ל
דן אילוז	הליכוד
ואליד אלהואשלה	רע"ם
קארין אלהרר	יש עתיד
עמיחי אליהו	עוצמה יהודית בראשות איתמר בן גביר
זאב אלקין	הימין הממלכתי
יעקב אשר	יהדות התורה
אביחי אברהם בוארון	הליכוד
אוריאל בוסו	התאחדות הספרדים שומרי תורה תנועתו של מרן הרב עובדיה יוסף זצ"ל
מישל בוסקילה	הימין הממלכתי
דבי ביטון	יש עתיד
חיים ביטון	התאחדות הספרדים שומרי תורה תנועתו של מרן הרב עובדיה יוסף זצ"ל
מיכאל מרדכי ביטון	כחול לבן - המחנה הממלכתי
דוד ביטן	הליכוד
בועז ביסמוט	הליכוד
ולדימיר בליאק	יש עתיד
מירב בן ארי	יש עתיד
רם בן ברק	יש עתיד
איתמר בן גביר	עוצמה יהודית בראשות איתמר בן גביר
סמיר בן סעיד	חד"ש-תע"ל
יואב בן צור	התאחדות הספרדים שומרי תורה תנועתו של מרן הרב עובדיה יוסף זצ"ל
ניר ברקת	הליכוד
ששון ששי גואטה	הליכוד
טלי גוטליב	הליכוד
יצחק גולדקנופ	יהדות התורה
מאי גולן	הליכוד
איתן גינזבורג	כחול לבן - המחנה הממלכתי
גילה גמליאל	הליכוד
בני גנץ	כחול לבן - המחנה הממלכתי
משה גפני	יהדות התורה
סימון דוידסון	יש עתיד
אבי דיכטר	הליכוד
גלית דיסטל אטבריאן	הליכוד
אלי דלל	הליכוד
שלום דנינו	הליכוד
אריה מכלוף דרעי	התאחדות הספרדים שומרי תורה תנועתו של מרן הרב עובדיה יוסף זצ"ל
עמית הלוי	הליכוד
שרן מרים השכל	הימין הממלכתי
ניסים ואטורי	הליכוד
מיכל מרים וולדיגר	הציונות הדתית בראשות בצלאל סמוטריץ'
יצחק שמעון וסרלאוף	עוצמה יהודית בראשות איתמר בן גביר
אימאן ח'טיב יאסין	רע"ם
יאסר חוג'יראת	רע"ם
עוז חיים	יש עתיד
אכרם חסון	הימין הממלכתי
ווליד טאהא	רע"ם
משה טור פז	יש עתיד
אחמד טיבי	חד"ש-תע"ל
יוסף טייב	התאחדות הספרדים שומרי תורה תנועתו של מרן הרב עובדיה יוסף זצ"ל
אוהד טל	הציונות הדתית בראשות בצלאל סמוטריץ'
יעקב טסלר	יהדות התורה
חילי טרופר	כחול לבן - המחנה הממלכתי
מאיר כהן	יש עתיד
מירב כהן	יש עתיד
עופר כסיף	חד"ש-תע"ל
אופיר כץ	הליכוד
ישראל כץ	הליכוד
יוראי להב הרצנו	יש עתיד
ירון לוי	יש עתיד
מיקי לוי	יש עתיד
יריב לוין	הליכוד
נעמה לזימי	העבודה
אביגדור ליברמן	ישראל ביתנו
יאיר לפיד	יש עתיד
טטיאנה מזרסקי	יש עתיד
מרב מיכאלי	העבודה
שלי טל מירון	יש עתיד
יונתן מישרקי	התאחדות הספרדים שומרי תורה תנועתו של מרן הרב עובדיה יוסף זצ"ל
חנוך דב מלביצקי	הליכוד
ארז מלול	התאחדות הספרדים שומרי תורה תנועתו של מרן הרב עובדיה יוסף זצ"ל
יוליה מלינובסקי	ישראל ביתנו
מיכאל מלכיאלי	התאחדות הספרדים שומרי תורה תנועתו של מרן הרב עובדיה יוסף זצ"ל
צגה צגנש מלקו	הליכוד
אבי מעוז	נעם - בראשות אבי מעוז
אורי מקלב	יהדות התורה
יעקב מרגי	התאחדות הספרדים שומרי תורה תנועתו של מרן הרב עובדיה יוסף זצ"ל
שרון ניר	ישראל ביתנו
בנימין נתניהו	הליכוד
יואב סגלוביץ	יש עתיד
יבגני סובה	ישראל ביתנו
צבי ידידיה סוכות	הציונות הדתית בראשות בצלאל סמוטריץ'
משה סולומון	הציונות הדתית בראשות בצלאל סמוטריץ'
לימור סון הר מלך	עוצמה יהודית בראשות איתמר בן גביר
אופיר סופר	הציונות הדתית בראשות בצלאל סמוטריץ'
אורית סטרוק	הציונות הדתית בראשות בצלאל סמוטריץ'
משה סעדה	הליכוד
מנסור עבאס	רע"ם
עפיף עבד	הליכוד
איימן עודה	חד"ש-תע"ל
עדי עזוז	יש עתיד
חוה אתי עטייה	הליכוד
חמד עמאר	ישראל ביתנו
צביקה פוגל	עוצמה יהודית בראשות איתמר בן גביר
עודד פורר	ישראל ביתנו
יצחק זאב פינדרוס	יהדות התורה
משה פסל	הליכוד
מאיר פרוש	יהדות התורה
יסמין פרידמן	יש עתיד
אורית פרקש הכהן	כחול לבן - המחנה הממלכתי
מטי צרפתי הרכבי	יש עתיד
אריאל קלנר	הליכוד
יצחק קרויזר	עוצמה יהודית בראשות איתמר בן גביר
גלעד קריב	העבודה
שלמה קרעי	הליכוד
אליהו רביבו	הליכוד
שמחה רוטמן	הציונות הדתית בראשות בצלאל סמוטריץ'
יעל רון בן משה	כחול לבן - המחנה הממלכתי
אפרת רייטן מרום	העבודה
אלון שוסטר	כחול לבן - המחנה הממלכתי
קטי קטרין שטרית	הליכוד
אלעזר שטרן	יש עתיד
מיכל שיר סגמן	יש עתיד
נאור שירי	יש עתיד
אושר שקלים	הליכוד
עאידה תומא סלימאן	חד"ש-תע"ל
פנינה תמנו	כחול לבן - המחנה הממלכתי
